{
    "test": {
        "pid": "c67ccf75-9177-6035-1524-63072060395a",
        "tid": "2db277cc-de38-89dd-52da-63106ec87fa5",
        "date": "2022-08-31T22:00:00.000Z",
        "o2": 2.5,
        "weight": 89,
        "height": 200,
        "age": 21,
        "cone_distance": 28,
        "gender": "Female"
    },
    "initial": {
        "spo": 95,
        "hr": 76,
        "d": 1,
        "f": 1
    },
    "final": {
        "meters": 462,
        "d": 7,
        "f": 8,
        "pascon_count": 16,
        "half_rest_spo": 96,
        "half_rest_hr": 79,
        "end_rest_spo": 97,
        "end_rest_hr": 83,
        "comment": "\n Parada en t: 130\", duraci\u00f3n: 20\" dolor pecho"
    },
    "pascon": [
        {
            "h": 82,
            "s": 96,
            "t": 20
        },
        {
            "h": 86,
            "s": 96,
            "t": 41
        },
        {
            "h": 80,
            "s": 96,
            "t": 61
        },
        {
            "h": 76,
            "s": 95,
            "t": 81
        },
        {
            "h": 77,
            "s": 96,
            "t": 100
        },
        {
            "h": 72,
            "s": 95,
            "t": 121
        },
        {
            "h": 74,
            "s": 96,
            "t": 160
        },
        {
            "h": 77,
            "s": 95,
            "t": 181
        },
        {
            "h": 80,
            "s": 96,
            "t": 200
        },
        {
            "h": 79,
            "s": 96,
            "t": 219
        },
        {
            "h": 75,
            "s": 96,
            "t": 240
        },
        {
            "h": 76,
            "s": 96,
            "t": 260
        },
        {
            "h": 75,
            "s": 95,
            "t": 279
        },
        {
            "h": 74,
            "s": 96,
            "t": 299
        },
        {
            "h": 81,
            "s": 97,
            "t": 324
        },
        {
            "h": 79,
            "s": 96,
            "t": 348
        }
    ],
    "stops": [
        {
            "time": 130,
            "len": 20
        }
    ],
    "data": [
        {
            "h": 82,
            "s": 96,
            "t": -114,
            "p": 0
        },
        {
            "h": 83,
            "s": 96,
            "t": -113,
            "p": 0
        },
        {
            "h": 82,
            "s": 96,
            "t": -112,
            "p": 0
        },
        {
            "h": 81,
            "s": 96,
            "t": -111,
            "p": 0
        },
        {
            "h": 81,
            "s": 96,
            "t": -110,
            "p": 0
        },
        {
            "h": 81,
            "s": 96,
            "t": -109,
            "p": 0
        },
        {
            "h": 81,
            "s": 96,
            "t": -108,
            "p": 0
        },
        {
            "h": 81,
            "s": 96,
            "t": -107,
            "p": 0
        },
        {
            "h": 81,
            "s": 96,
            "t": -106,
            "p": 0
        },
        {
            "h": 81,
            "s": 96,
            "t": -105,
            "p": 0
        },
        {
            "h": 81,
            "s": 96,
            "t": -104,
            "p": 0
        },
        {
            "h": 81,
            "s": 96,
            "t": -103,
            "p": 0
        },
        {
            "h": 82,
            "s": 96,
            "t": -102,
            "p": 0
        },
        {
            "h": 82,
            "s": 96,
            "t": -101,
            "p": 0
        },
        {
            "h": 84,
            "s": 96,
            "t": -100,
            "p": 0
        },
        {
            "h": 85,
            "s": 96,
            "t": -99,
            "p": 0
        },
        {
            "h": 85,
            "s": 96,
            "t": -98,
            "p": 0
        },
        {
            "h": 85,
            "s": 96,
            "t": -97,
            "p": 0
        },
        {
            "h": 85,
            "s": 96,
            "t": -96,
            "p": 0
        },
        {
            "h": 84,
            "s": 96,
            "t": -95,
            "p": 0
        },
        {
            "h": 83,
            "s": 96,
            "t": -94,
            "p": 0
        },
        {
            "h": 83,
            "s": 95,
            "t": -93,
            "p": 0
        },
        {
            "h": 84,
            "s": 95,
            "t": -92,
            "p": 0
        },
        {
            "h": 87,
            "s": 95,
            "t": -91,
            "p": 0
        },
        {
            "h": 79,
            "s": 96,
            "t": -80,
            "p": 0
        },
        {
            "h": 77,
            "s": 96,
            "t": -79,
            "p": 0
        },
        {
            "h": 75,
            "s": 96,
            "t": -78,
            "p": 0
        },
        {
            "h": 74,
            "s": 97,
            "t": -77,
            "p": 0
        },
        {
            "h": 74,
            "s": 98,
            "t": -76,
            "p": 0
        },
        {
            "h": 74,
            "s": 98,
            "t": -75,
            "p": 0
        },
        {
            "h": 77,
            "s": 98,
            "t": -74,
            "p": 0
        },
        {
            "h": 77,
            "s": 98,
            "t": -73,
            "p": 0
        },
        {
            "h": 78,
            "s": 98,
            "t": -72,
            "p": 0
        },
        {
            "h": 78,
            "s": 98,
            "t": -71,
            "p": 0
        },
        {
            "h": 77,
            "s": 98,
            "t": -70,
            "p": 0
        },
        {
            "h": 69,
            "s": 97,
            "t": -54,
            "p": 0
        },
        {
            "h": 72,
            "s": 97,
            "t": -53,
            "p": 0
        },
        {
            "h": 78,
            "s": 95,
            "t": -39,
            "p": 0
        },
        {
            "h": 78,
            "s": 95,
            "t": -38,
            "p": 0
        },
        {
            "h": 79,
            "s": 95,
            "t": -37,
            "p": 0
        },
        {
            "h": 79,
            "s": 96,
            "t": -36,
            "p": 0
        },
        {
            "h": 79,
            "s": 96,
            "t": -35,
            "p": 0
        },
        {
            "h": 79,
            "s": 96,
            "t": -34,
            "p": 0
        },
        {
            "h": 79,
            "s": 96,
            "t": -33,
            "p": 0
        },
        {
            "h": 79,
            "s": 96,
            "t": -32,
            "p": 0
        },
        {
            "h": 79,
            "s": 96,
            "t": -31,
            "p": 0
        },
        {
            "h": 79,
            "s": 96,
            "t": -30,
            "p": 0
        },
        {
            "h": 79,
            "s": 96,
            "t": -29,
            "p": 0
        },
        {
            "h": 79,
            "s": 96,
            "t": -28,
            "p": 0
        },
        {
            "h": 80,
            "s": 95,
            "t": -27,
            "p": 0
        },
        {
            "h": 80,
            "s": 95,
            "t": -26,
            "p": 0
        },
        {
            "h": 80,
            "s": 95,
            "t": -25,
            "p": 0
        },
        {
            "h": 82,
            "s": 95,
            "t": -24,
            "p": 0
        },
        {
            "h": 83,
            "s": 95,
            "t": -23,
            "p": 0
        },
        {
            "h": 84,
            "s": 95,
            "t": -22,
            "p": 0
        },
        {
            "h": 83,
            "s": 95,
            "t": -21,
            "p": 0
        },
        {
            "h": 81,
            "s": 96,
            "t": -20,
            "p": 0
        },
        {
            "h": 79,
            "s": 95,
            "t": -19,
            "p": 0
        },
        {
            "h": 78,
            "s": 95,
            "t": -18,
            "p": 0
        },
        {
            "h": 76,
            "s": 95,
            "t": -17,
            "p": 0
        },
        {
            "h": 76,
            "s": 95,
            "t": -16,
            "p": 0
        },
        {
            "h": 76,
            "s": 95,
            "t": -15,
            "p": 0
        },
        {
            "h": 77,
            "s": 95,
            "t": -14,
            "p": 0
        },
        {
            "h": 79,
            "s": 95,
            "t": -13,
            "p": 0
        },
        {
            "h": 79,
            "s": 95,
            "t": -12,
            "p": 0
        },
        {
            "h": 80,
            "s": 95,
            "t": -11,
            "p": 0
        },
        {
            "h": 80,
            "s": 95,
            "t": -10,
            "p": 0
        },
        {
            "h": 80,
            "s": 95,
            "t": -9,
            "p": 0
        },
        {
            "h": 80,
            "s": 95,
            "t": -8,
            "p": 0
        },
        {
            "h": 80,
            "s": 95,
            "t": -7,
            "p": 0
        },
        {
            "h": 80,
            "s": 95,
            "t": -6,
            "p": 0
        },
        {
            "h": 80,
            "s": 95,
            "t": -5,
            "p": 0
        },
        {
            "h": 81,
            "s": 95,
            "t": -2,
            "p": 0
        },
        {
            "h": 81,
            "s": 95,
            "t": -1,
            "p": 0
        },
        {
            "h": 83,
            "s": 95,
            "t": 0,
            "p": 1
        },
        {
            "h": 83,
            "s": 95,
            "t": 1,
            "p": 1
        },
        {
            "h": 93,
            "s": 96,
            "t": 3,
            "p": 1
        },
        {
            "h": 93,
            "s": 96,
            "t": 4,
            "p": 1
        },
        {
            "h": 93,
            "s": 96,
            "t": 8,
            "p": 1
        },
        {
            "h": 94,
            "s": 96,
            "t": 9,
            "p": 1
        },
        {
            "h": 96,
            "s": 96,
            "t": 10,
            "p": 1
        },
        {
            "h": 90,
            "s": 96,
            "t": 11,
            "p": 1
        },
        {
            "h": 89,
            "s": 96,
            "t": 12,
            "p": 1
        },
        {
            "h": 86,
            "s": 96,
            "t": 13,
            "p": 1
        },
        {
            "h": 83,
            "s": 96,
            "t": 14,
            "p": 1
        },
        {
            "h": 82,
            "s": 96,
            "t": 15,
            "p": 1
        },
        {
            "h": 82,
            "s": 96,
            "t": 16,
            "p": 1
        },
        {
            "h": 82,
            "s": 96,
            "t": 17,
            "p": 1
        },
        {
            "h": 83,
            "s": 96,
            "t": 20,
            "p": 1
        },
        {
            "h": 83,
            "s": 96,
            "t": 22,
            "p": 1
        },
        {
            "h": 83,
            "s": 96,
            "t": 23,
            "p": 1
        },
        {
            "h": 83,
            "s": 96,
            "t": 25,
            "p": 1
        },
        {
            "h": 83,
            "s": 96,
            "t": 27,
            "p": 1
        },
        {
            "h": 83,
            "s": 97,
            "t": 32,
            "p": 1
        },
        {
            "h": 84,
            "s": 97,
            "t": 33,
            "p": 1
        },
        {
            "h": 84,
            "s": 97,
            "t": 34,
            "p": 1
        },
        {
            "h": 85,
            "s": 96,
            "t": 35,
            "p": 1
        },
        {
            "h": 85,
            "s": 96,
            "t": 37,
            "p": 1
        },
        {
            "h": 86,
            "s": 96,
            "t": 38,
            "p": 1
        },
        {
            "h": 86,
            "s": 96,
            "t": 39,
            "p": 1
        },
        {
            "h": 86,
            "s": 96,
            "t": 41,
            "p": 1
        },
        {
            "h": 87,
            "s": 96,
            "t": 42,
            "p": 1
        },
        {
            "h": 87,
            "s": 96,
            "t": 43,
            "p": 1
        },
        {
            "h": 88,
            "s": 95,
            "t": 44,
            "p": 1
        },
        {
            "h": 89,
            "s": 95,
            "t": 45,
            "p": 1
        },
        {
            "h": 90,
            "s": 96,
            "t": 46,
            "p": 1
        },
        {
            "h": 90,
            "s": 96,
            "t": 47,
            "p": 1
        },
        {
            "h": 90,
            "s": 96,
            "t": 48,
            "p": 1
        },
        {
            "h": 90,
            "s": 96,
            "t": 49,
            "p": 1
        },
        {
            "h": 91,
            "s": 96,
            "t": 50,
            "p": 1
        },
        {
            "h": 91,
            "s": 96,
            "t": 51,
            "p": 1
        },
        {
            "h": 91,
            "s": 95,
            "t": 52,
            "p": 1
        },
        {
            "h": 91,
            "s": 95,
            "t": 53,
            "p": 1
        },
        {
            "h": 92,
            "s": 95,
            "t": 54,
            "p": 1
        },
        {
            "h": 92,
            "s": 95,
            "t": 55,
            "p": 1
        },
        {
            "h": 91,
            "s": 95,
            "t": 56,
            "p": 1
        },
        {
            "h": 90,
            "s": 95,
            "t": 57,
            "p": 1
        },
        {
            "h": 87,
            "s": 95,
            "t": 58,
            "p": 1
        },
        {
            "h": 83,
            "s": 96,
            "t": 59,
            "p": 1
        },
        {
            "h": 81,
            "s": 96,
            "t": 60,
            "p": 1
        },
        {
            "h": 80,
            "s": 96,
            "t": 61,
            "p": 1
        },
        {
            "h": 79,
            "s": 96,
            "t": 62,
            "p": 1
        },
        {
            "h": 77,
            "s": 96,
            "t": 63,
            "p": 1
        },
        {
            "h": 77,
            "s": 96,
            "t": 64,
            "p": 1
        },
        {
            "h": 77,
            "s": 96,
            "t": 65,
            "p": 1
        },
        {
            "h": 77,
            "s": 96,
            "t": 66,
            "p": 1
        },
        {
            "h": 78,
            "s": 96,
            "t": 67,
            "p": 1
        },
        {
            "h": 78,
            "s": 96,
            "t": 68,
            "p": 1
        },
        {
            "h": 81,
            "s": 96,
            "t": 69,
            "p": 1
        },
        {
            "h": 81,
            "s": 96,
            "t": 70,
            "p": 1
        },
        {
            "h": 82,
            "s": 96,
            "t": 71,
            "p": 1
        },
        {
            "h": 82,
            "s": 96,
            "t": 73,
            "p": 1
        },
        {
            "h": 82,
            "s": 96,
            "t": 74,
            "p": 1
        },
        {
            "h": 81,
            "s": 96,
            "t": 75,
            "p": 1
        },
        {
            "h": 80,
            "s": 96,
            "t": 76,
            "p": 1
        },
        {
            "h": 79,
            "s": 95,
            "t": 77,
            "p": 1
        },
        {
            "h": 78,
            "s": 95,
            "t": 78,
            "p": 1
        },
        {
            "h": 77,
            "s": 95,
            "t": 79,
            "p": 1
        },
        {
            "h": 76,
            "s": 95,
            "t": 80,
            "p": 1
        },
        {
            "h": 76,
            "s": 96,
            "t": 81,
            "p": 1
        },
        {
            "h": 76,
            "s": 96,
            "t": 82,
            "p": 1
        },
        {
            "h": 75,
            "s": 96,
            "t": 83,
            "p": 1
        },
        {
            "h": 75,
            "s": 96,
            "t": 84,
            "p": 1
        },
        {
            "h": 76,
            "s": 96,
            "t": 85,
            "p": 1
        },
        {
            "h": 76,
            "s": 96,
            "t": 86,
            "p": 1
        },
        {
            "h": 76,
            "s": 96,
            "t": 87,
            "p": 1
        },
        {
            "h": 77,
            "s": 96,
            "t": 88,
            "p": 1
        },
        {
            "h": 77,
            "s": 96,
            "t": 89,
            "p": 1
        },
        {
            "h": 77,
            "s": 96,
            "t": 90,
            "p": 1
        },
        {
            "h": 76,
            "s": 96,
            "t": 91,
            "p": 1
        },
        {
            "h": 76,
            "s": 96,
            "t": 92,
            "p": 1
        },
        {
            "h": 76,
            "s": 96,
            "t": 93,
            "p": 1
        },
        {
            "h": 76,
            "s": 96,
            "t": 94,
            "p": 1
        },
        {
            "h": 77,
            "s": 96,
            "t": 95,
            "p": 1
        },
        {
            "h": 77,
            "s": 96,
            "t": 96,
            "p": 1
        },
        {
            "h": 77,
            "s": 96,
            "t": 97,
            "p": 1
        },
        {
            "h": 77,
            "s": 96,
            "t": 98,
            "p": 1
        },
        {
            "h": 77,
            "s": 96,
            "t": 99,
            "p": 1
        },
        {
            "h": 76,
            "s": 96,
            "t": 100,
            "p": 1
        },
        {
            "h": 75,
            "s": 96,
            "t": 101,
            "p": 1
        },
        {
            "h": 73,
            "s": 96,
            "t": 102,
            "p": 1
        },
        {
            "h": 71,
            "s": 96,
            "t": 103,
            "p": 1
        },
        {
            "h": 71,
            "s": 96,
            "t": 104,
            "p": 1
        },
        {
            "h": 71,
            "s": 96,
            "t": 105,
            "p": 1
        },
        {
            "h": 71,
            "s": 96,
            "t": 106,
            "p": 1
        },
        {
            "h": 71,
            "s": 96,
            "t": 107,
            "p": 1
        },
        {
            "h": 72,
            "s": 96,
            "t": 108,
            "p": 1
        },
        {
            "h": 73,
            "s": 96,
            "t": 109,
            "p": 1
        },
        {
            "h": 72,
            "s": 95,
            "t": 110,
            "p": 1
        },
        {
            "h": 72,
            "s": 95,
            "t": 111,
            "p": 1
        },
        {
            "h": 71,
            "s": 95,
            "t": 112,
            "p": 1
        },
        {
            "h": 71,
            "s": 95,
            "t": 113,
            "p": 1
        },
        {
            "h": 71,
            "s": 95,
            "t": 114,
            "p": 1
        },
        {
            "h": 71,
            "s": 95,
            "t": 115,
            "p": 1
        },
        {
            "h": 71,
            "s": 95,
            "t": 116,
            "p": 1
        },
        {
            "h": 71,
            "s": 95,
            "t": 117,
            "p": 1
        },
        {
            "h": 71,
            "s": 95,
            "t": 118,
            "p": 1
        },
        {
            "h": 71,
            "s": 95,
            "t": 119,
            "p": 1
        },
        {
            "h": 72,
            "s": 95,
            "t": 120,
            "p": 1
        },
        {
            "h": 72,
            "s": 95,
            "t": 121,
            "p": 1
        },
        {
            "h": 72,
            "s": 95,
            "t": 122,
            "p": 1
        },
        {
            "h": 73,
            "s": 95,
            "t": 123,
            "p": 1
        },
        {
            "h": 73,
            "s": 95,
            "t": 124,
            "p": 1
        },
        {
            "h": 73,
            "s": 95,
            "t": 125,
            "p": 1
        },
        {
            "h": 73,
            "s": 95,
            "t": 126,
            "p": 1
        },
        {
            "h": 72,
            "s": 95,
            "t": 127,
            "p": 1
        },
        {
            "h": 74,
            "s": 96,
            "t": 128,
            "p": 1
        },
        {
            "h": 75,
            "s": 95,
            "t": 129,
            "p": 1
        },
        {
            "h": 75,
            "s": 95,
            "t": 130,
            "p": 1
        },
        {
            "h": 76,
            "s": 95,
            "t": 131,
            "p": 3
        },
        {
            "h": 76,
            "s": 95,
            "t": 132,
            "p": 3
        },
        {
            "h": 77,
            "s": 95,
            "t": 133,
            "p": 3
        },
        {
            "h": 77,
            "s": 95,
            "t": 134,
            "p": 3
        },
        {
            "h": 78,
            "s": 95,
            "t": 135,
            "p": 3
        },
        {
            "h": 78,
            "s": 95,
            "t": 136,
            "p": 3
        },
        {
            "h": 78,
            "s": 95,
            "t": 137,
            "p": 3
        },
        {
            "h": 78,
            "s": 95,
            "t": 138,
            "p": 3
        },
        {
            "h": 75,
            "s": 96,
            "t": 139,
            "p": 3
        },
        {
            "h": 74,
            "s": 96,
            "t": 140,
            "p": 3
        },
        {
            "h": 73,
            "s": 96,
            "t": 141,
            "p": 3
        },
        {
            "h": 73,
            "s": 96,
            "t": 142,
            "p": 3
        },
        {
            "h": 74,
            "s": 96,
            "t": 143,
            "p": 3
        },
        {
            "h": 76,
            "s": 96,
            "t": 144,
            "p": 3
        },
        {
            "h": 80,
            "s": 96,
            "t": 145,
            "p": 3
        },
        {
            "h": 82,
            "s": 96,
            "t": 146,
            "p": 3
        },
        {
            "h": 83,
            "s": 96,
            "t": 147,
            "p": 3
        },
        {
            "h": 81,
            "s": 96,
            "t": 148,
            "p": 3
        },
        {
            "h": 78,
            "s": 96,
            "t": 149,
            "p": 3
        },
        {
            "h": 76,
            "s": 96,
            "t": 150,
            "p": 1
        },
        {
            "h": 74,
            "s": 96,
            "t": 151,
            "p": 1
        },
        {
            "h": 72,
            "s": 96,
            "t": 152,
            "p": 1
        },
        {
            "h": 71,
            "s": 96,
            "t": 153,
            "p": 1
        },
        {
            "h": 70,
            "s": 96,
            "t": 154,
            "p": 1
        },
        {
            "h": 70,
            "s": 96,
            "t": 155,
            "p": 1
        },
        {
            "h": 71,
            "s": 96,
            "t": 156,
            "p": 1
        },
        {
            "h": 72,
            "s": 96,
            "t": 157,
            "p": 1
        },
        {
            "h": 73,
            "s": 96,
            "t": 158,
            "p": 1
        },
        {
            "h": 74,
            "s": 96,
            "t": 159,
            "p": 1
        },
        {
            "h": 75,
            "s": 96,
            "t": 160,
            "p": 1
        },
        {
            "h": 75,
            "s": 96,
            "t": 161,
            "p": 1
        },
        {
            "h": 75,
            "s": 96,
            "t": 162,
            "p": 1
        },
        {
            "h": 76,
            "s": 96,
            "t": 163,
            "p": 1
        },
        {
            "h": 76,
            "s": 96,
            "t": 164,
            "p": 1
        },
        {
            "h": 76,
            "s": 96,
            "t": 165,
            "p": 1
        },
        {
            "h": 77,
            "s": 96,
            "t": 166,
            "p": 1
        },
        {
            "h": 77,
            "s": 96,
            "t": 167,
            "p": 1
        },
        {
            "h": 77,
            "s": 96,
            "t": 168,
            "p": 1
        },
        {
            "h": 78,
            "s": 96,
            "t": 169,
            "p": 1
        },
        {
            "h": 79,
            "s": 96,
            "t": 170,
            "p": 1
        },
        {
            "h": 79,
            "s": 96,
            "t": 171,
            "p": 1
        },
        {
            "h": 79,
            "s": 96,
            "t": 172,
            "p": 1
        },
        {
            "h": 77,
            "s": 96,
            "t": 173,
            "p": 1
        },
        {
            "h": 77,
            "s": 96,
            "t": 174,
            "p": 1
        },
        {
            "h": 76,
            "s": 96,
            "t": 175,
            "p": 1
        },
        {
            "h": 76,
            "s": 96,
            "t": 176,
            "p": 1
        },
        {
            "h": 75,
            "s": 96,
            "t": 177,
            "p": 1
        },
        {
            "h": 75,
            "s": 95,
            "t": 178,
            "p": 1
        },
        {
            "h": 76,
            "s": 95,
            "t": 179,
            "p": 1
        },
        {
            "h": 77,
            "s": 95,
            "t": 180,
            "p": 1
        },
        {
            "h": 78,
            "s": 95,
            "t": 181,
            "p": 1
        },
        {
            "h": 78,
            "s": 96,
            "t": 182,
            "p": 1
        },
        {
            "h": 77,
            "s": 96,
            "t": 183,
            "p": 1
        },
        {
            "h": 76,
            "s": 96,
            "t": 184,
            "p": 1
        },
        {
            "h": 75,
            "s": 96,
            "t": 185,
            "p": 1
        },
        {
            "h": 75,
            "s": 96,
            "t": 186,
            "p": 1
        },
        {
            "h": 76,
            "s": 96,
            "t": 187,
            "p": 1
        },
        {
            "h": 78,
            "s": 96,
            "t": 188,
            "p": 1
        },
        {
            "h": 79,
            "s": 95,
            "t": 189,
            "p": 1
        },
        {
            "h": 80,
            "s": 95,
            "t": 190,
            "p": 1
        },
        {
            "h": 81,
            "s": 96,
            "t": 191,
            "p": 1
        },
        {
            "h": 83,
            "s": 96,
            "t": 192,
            "p": 1
        },
        {
            "h": 84,
            "s": 96,
            "t": 193,
            "p": 1
        },
        {
            "h": 84,
            "s": 95,
            "t": 194,
            "p": 1
        },
        {
            "h": 84,
            "s": 95,
            "t": 195,
            "p": 1
        },
        {
            "h": 83,
            "s": 96,
            "t": 196,
            "p": 1
        },
        {
            "h": 82,
            "s": 96,
            "t": 197,
            "p": 1
        },
        {
            "h": 80,
            "s": 96,
            "t": 198,
            "p": 1
        },
        {
            "h": 80,
            "s": 96,
            "t": 199,
            "p": 1
        },
        {
            "h": 79,
            "s": 96,
            "t": 200,
            "p": 1
        },
        {
            "h": 79,
            "s": 96,
            "t": 201,
            "p": 1
        },
        {
            "h": 79,
            "s": 96,
            "t": 202,
            "p": 1
        },
        {
            "h": 78,
            "s": 97,
            "t": 203,
            "p": 1
        },
        {
            "h": 79,
            "s": 96,
            "t": 204,
            "p": 1
        },
        {
            "h": 80,
            "s": 96,
            "t": 205,
            "p": 1
        },
        {
            "h": 81,
            "s": 96,
            "t": 206,
            "p": 1
        },
        {
            "h": 83,
            "s": 96,
            "t": 207,
            "p": 1
        },
        {
            "h": 83,
            "s": 96,
            "t": 208,
            "p": 1
        },
        {
            "h": 84,
            "s": 96,
            "t": 209,
            "p": 1
        },
        {
            "h": 82,
            "s": 96,
            "t": 210,
            "p": 1
        },
        {
            "h": 81,
            "s": 96,
            "t": 211,
            "p": 1
        },
        {
            "h": 80,
            "s": 96,
            "t": 212,
            "p": 1
        },
        {
            "h": 79,
            "s": 96,
            "t": 213,
            "p": 1
        },
        {
            "h": 79,
            "s": 96,
            "t": 214,
            "p": 1
        },
        {
            "h": 78,
            "s": 96,
            "t": 215,
            "p": 1
        },
        {
            "h": 78,
            "s": 96,
            "t": 216,
            "p": 1
        },
        {
            "h": 78,
            "s": 96,
            "t": 217,
            "p": 1
        },
        {
            "h": 78,
            "s": 96,
            "t": 218,
            "p": 1
        },
        {
            "h": 79,
            "s": 96,
            "t": 219,
            "p": 1
        },
        {
            "h": 79,
            "s": 96,
            "t": 220,
            "p": 1
        },
        {
            "h": 79,
            "s": 96,
            "t": 221,
            "p": 1
        },
        {
            "h": 80,
            "s": 96,
            "t": 222,
            "p": 1
        },
        {
            "h": 78,
            "s": 96,
            "t": 223,
            "p": 1
        },
        {
            "h": 77,
            "s": 96,
            "t": 224,
            "p": 1
        },
        {
            "h": 76,
            "s": 96,
            "t": 225,
            "p": 1
        },
        {
            "h": 75,
            "s": 96,
            "t": 226,
            "p": 1
        },
        {
            "h": 74,
            "s": 96,
            "t": 227,
            "p": 1
        },
        {
            "h": 73,
            "s": 96,
            "t": 228,
            "p": 1
        },
        {
            "h": 73,
            "s": 96,
            "t": 229,
            "p": 1
        },
        {
            "h": 73,
            "s": 96,
            "t": 230,
            "p": 1
        },
        {
            "h": 73,
            "s": 96,
            "t": 231,
            "p": 1
        },
        {
            "h": 75,
            "s": 96,
            "t": 232,
            "p": 1
        },
        {
            "h": 76,
            "s": 96,
            "t": 233,
            "p": 1
        },
        {
            "h": 76,
            "s": 96,
            "t": 234,
            "p": 1
        },
        {
            "h": 77,
            "s": 96,
            "t": 235,
            "p": 1
        },
        {
            "h": 77,
            "s": 96,
            "t": 236,
            "p": 1
        },
        {
            "h": 76,
            "s": 96,
            "t": 237,
            "p": 1
        },
        {
            "h": 76,
            "s": 96,
            "t": 238,
            "p": 1
        },
        {
            "h": 75,
            "s": 96,
            "t": 239,
            "p": 1
        },
        {
            "h": 75,
            "s": 96,
            "t": 240,
            "p": 1
        },
        {
            "h": 74,
            "s": 96,
            "t": 241,
            "p": 1
        },
        {
            "h": 74,
            "s": 96,
            "t": 242,
            "p": 1
        },
        {
            "h": 74,
            "s": 96,
            "t": 243,
            "p": 1
        },
        {
            "h": 74,
            "s": 96,
            "t": 244,
            "p": 1
        },
        {
            "h": 75,
            "s": 96,
            "t": 245,
            "p": 1
        },
        {
            "h": 75,
            "s": 96,
            "t": 246,
            "p": 1
        },
        {
            "h": 76,
            "s": 96,
            "t": 247,
            "p": 1
        },
        {
            "h": 77,
            "s": 96,
            "t": 248,
            "p": 1
        },
        {
            "h": 78,
            "s": 96,
            "t": 249,
            "p": 1
        },
        {
            "h": 81,
            "s": 96,
            "t": 250,
            "p": 1
        },
        {
            "h": 82,
            "s": 96,
            "t": 251,
            "p": 1
        },
        {
            "h": 83,
            "s": 96,
            "t": 252,
            "p": 1
        },
        {
            "h": 82,
            "s": 96,
            "t": 253,
            "p": 1
        },
        {
            "h": 80,
            "s": 96,
            "t": 254,
            "p": 1
        },
        {
            "h": 79,
            "s": 96,
            "t": 255,
            "p": 1
        },
        {
            "h": 78,
            "s": 96,
            "t": 256,
            "p": 1
        },
        {
            "h": 76,
            "s": 96,
            "t": 257,
            "p": 1
        },
        {
            "h": 75,
            "s": 96,
            "t": 258,
            "p": 1
        },
        {
            "h": 76,
            "s": 96,
            "t": 259,
            "p": 1
        },
        {
            "h": 78,
            "s": 96,
            "t": 260,
            "p": 1
        },
        {
            "h": 79,
            "s": 96,
            "t": 261,
            "p": 1
        },
        {
            "h": 80,
            "s": 97,
            "t": 262,
            "p": 1
        },
        {
            "h": 81,
            "s": 97,
            "t": 263,
            "p": 1
        },
        {
            "h": 82,
            "s": 97,
            "t": 264,
            "p": 1
        },
        {
            "h": 82,
            "s": 97,
            "t": 265,
            "p": 1
        },
        {
            "h": 81,
            "s": 96,
            "t": 266,
            "p": 1
        },
        {
            "h": 79,
            "s": 96,
            "t": 267,
            "p": 1
        },
        {
            "h": 78,
            "s": 96,
            "t": 268,
            "p": 1
        },
        {
            "h": 77,
            "s": 96,
            "t": 269,
            "p": 1
        },
        {
            "h": 76,
            "s": 96,
            "t": 270,
            "p": 1
        },
        {
            "h": 76,
            "s": 96,
            "t": 271,
            "p": 1
        },
        {
            "h": 76,
            "s": 96,
            "t": 272,
            "p": 1
        },
        {
            "h": 77,
            "s": 96,
            "t": 273,
            "p": 1
        },
        {
            "h": 77,
            "s": 96,
            "t": 274,
            "p": 1
        },
        {
            "h": 78,
            "s": 96,
            "t": 275,
            "p": 1
        },
        {
            "h": 78,
            "s": 96,
            "t": 276,
            "p": 1
        },
        {
            "h": 76,
            "s": 96,
            "t": 277,
            "p": 1
        },
        {
            "h": 75,
            "s": 95,
            "t": 278,
            "p": 1
        },
        {
            "h": 74,
            "s": 95,
            "t": 279,
            "p": 1
        },
        {
            "h": 73,
            "s": 95,
            "t": 280,
            "p": 1
        },
        {
            "h": 73,
            "s": 96,
            "t": 281,
            "p": 1
        },
        {
            "h": 72,
            "s": 96,
            "t": 282,
            "p": 1
        },
        {
            "h": 72,
            "s": 96,
            "t": 283,
            "p": 1
        },
        {
            "h": 72,
            "s": 96,
            "t": 284,
            "p": 1
        },
        {
            "h": 74,
            "s": 96,
            "t": 285,
            "p": 1
        },
        {
            "h": 75,
            "s": 96,
            "t": 286,
            "p": 1
        },
        {
            "h": 76,
            "s": 96,
            "t": 287,
            "p": 1
        },
        {
            "h": 76,
            "s": 96,
            "t": 288,
            "p": 1
        },
        {
            "h": 76,
            "s": 96,
            "t": 289,
            "p": 1
        },
        {
            "h": 76,
            "s": 96,
            "t": 290,
            "p": 1
        },
        {
            "h": 76,
            "s": 96,
            "t": 291,
            "p": 1
        },
        {
            "h": 76,
            "s": 96,
            "t": 292,
            "p": 1
        },
        {
            "h": 76,
            "s": 96,
            "t": 293,
            "p": 1
        },
        {
            "h": 77,
            "s": 96,
            "t": 294,
            "p": 1
        },
        {
            "h": 76,
            "s": 96,
            "t": 295,
            "p": 1
        },
        {
            "h": 76,
            "s": 96,
            "t": 296,
            "p": 1
        },
        {
            "h": 75,
            "s": 96,
            "t": 297,
            "p": 1
        },
        {
            "h": 74,
            "s": 96,
            "t": 298,
            "p": 1
        },
        {
            "h": 74,
            "s": 96,
            "t": 299,
            "p": 1
        },
        {
            "h": 74,
            "s": 96,
            "t": 300,
            "p": 1
        },
        {
            "h": 74,
            "s": 96,
            "t": 301,
            "p": 1
        },
        {
            "h": 75,
            "s": 97,
            "t": 302,
            "p": 1
        },
        {
            "h": 76,
            "s": 97,
            "t": 303,
            "p": 1
        },
        {
            "h": 76,
            "s": 97,
            "t": 304,
            "p": 1
        },
        {
            "h": 77,
            "s": 97,
            "t": 305,
            "p": 1
        },
        {
            "h": 77,
            "s": 97,
            "t": 306,
            "p": 1
        },
        {
            "h": 79,
            "s": 97,
            "t": 307,
            "p": 1
        },
        {
            "h": 81,
            "s": 97,
            "t": 308,
            "p": 1
        },
        {
            "h": 83,
            "s": 97,
            "t": 309,
            "p": 1
        },
        {
            "h": 84,
            "s": 97,
            "t": 310,
            "p": 1
        },
        {
            "h": 85,
            "s": 97,
            "t": 311,
            "p": 1
        },
        {
            "h": 85,
            "s": 97,
            "t": 312,
            "p": 1
        },
        {
            "h": 84,
            "s": 97,
            "t": 313,
            "p": 1
        },
        {
            "h": 83,
            "s": 97,
            "t": 314,
            "p": 1
        },
        {
            "h": 82,
            "s": 96,
            "t": 315,
            "p": 1
        },
        {
            "h": 81,
            "s": 96,
            "t": 316,
            "p": 1
        },
        {
            "h": 81,
            "s": 96,
            "t": 317,
            "p": 1
        },
        {
            "h": 80,
            "s": 96,
            "t": 318,
            "p": 1
        },
        {
            "h": 80,
            "s": 97,
            "t": 319,
            "p": 1
        },
        {
            "h": 80,
            "s": 97,
            "t": 320,
            "p": 1
        },
        {
            "h": 81,
            "s": 97,
            "t": 321,
            "p": 1
        },
        {
            "h": 81,
            "s": 97,
            "t": 322,
            "p": 1
        },
        {
            "h": 81,
            "s": 97,
            "t": 323,
            "p": 1
        },
        {
            "h": 82,
            "s": 97,
            "t": 324,
            "p": 1
        },
        {
            "h": 83,
            "s": 97,
            "t": 325,
            "p": 1
        },
        {
            "h": 82,
            "s": 96,
            "t": 326,
            "p": 1
        },
        {
            "h": 80,
            "s": 96,
            "t": 327,
            "p": 1
        },
        {
            "h": 78,
            "s": 96,
            "t": 328,
            "p": 1
        },
        {
            "h": 78,
            "s": 96,
            "t": 329,
            "p": 1
        },
        {
            "h": 78,
            "s": 96,
            "t": 330,
            "p": 1
        },
        {
            "h": 79,
            "s": 96,
            "t": 331,
            "p": 1
        },
        {
            "h": 80,
            "s": 96,
            "t": 332,
            "p": 1
        },
        {
            "h": 81,
            "s": 96,
            "t": 333,
            "p": 1
        },
        {
            "h": 81,
            "s": 96,
            "t": 334,
            "p": 1
        },
        {
            "h": 80,
            "s": 96,
            "t": 335,
            "p": 1
        },
        {
            "h": 79,
            "s": 96,
            "t": 336,
            "p": 1
        },
        {
            "h": 78,
            "s": 96,
            "t": 337,
            "p": 1
        },
        {
            "h": 77,
            "s": 96,
            "t": 338,
            "p": 1
        },
        {
            "h": 76,
            "s": 96,
            "t": 339,
            "p": 1
        },
        {
            "h": 76,
            "s": 96,
            "t": 340,
            "p": 1
        },
        {
            "h": 76,
            "s": 96,
            "t": 341,
            "p": 1
        },
        {
            "h": 77,
            "s": 96,
            "t": 342,
            "p": 1
        },
        {
            "h": 77,
            "s": 96,
            "t": 343,
            "p": 1
        },
        {
            "h": 78,
            "s": 96,
            "t": 344,
            "p": 1
        },
        {
            "h": 78,
            "s": 96,
            "t": 345,
            "p": 1
        },
        {
            "h": 78,
            "s": 96,
            "t": 346,
            "p": 1
        },
        {
            "h": 79,
            "s": 96,
            "t": 347,
            "p": 1
        },
        {
            "h": 78,
            "s": 96,
            "t": 348,
            "p": 1
        },
        {
            "h": 78,
            "s": 96,
            "t": 349,
            "p": 1
        },
        {
            "h": 77,
            "s": 96,
            "t": 350,
            "p": 1
        },
        {
            "h": 76,
            "s": 96,
            "t": 351,
            "p": 1
        },
        {
            "h": 76,
            "s": 96,
            "t": 352,
            "p": 1
        },
        {
            "h": 76,
            "s": 96,
            "t": 353,
            "p": 1
        },
        {
            "h": 77,
            "s": 95,
            "t": 354,
            "p": 1
        },
        {
            "h": 79,
            "s": 95,
            "t": 355,
            "p": 1
        },
        {
            "h": 81,
            "s": 95,
            "t": 356,
            "p": 1
        },
        {
            "h": 82,
            "s": 96,
            "t": 357,
            "p": 1
        },
        {
            "h": 83,
            "s": 96,
            "t": 358,
            "p": 1
        },
        {
            "h": 84,
            "s": 96,
            "t": 359,
            "p": 1
        },
        {
            "h": 83,
            "s": 96,
            "t": 360,
            "p": 2
        },
        {
            "h": 83,
            "s": 96,
            "t": 361,
            "p": 2
        },
        {
            "h": 82,
            "s": 96,
            "t": 362,
            "p": 2
        },
        {
            "h": 82,
            "s": 96,
            "t": 363,
            "p": 2
        },
        {
            "h": 81,
            "s": 96,
            "t": 364,
            "p": 2
        },
        {
            "h": 80,
            "s": 96,
            "t": 365,
            "p": 2
        },
        {
            "h": 80,
            "s": 96,
            "t": 366,
            "p": 2
        },
        {
            "h": 80,
            "s": 96,
            "t": 367,
            "p": 2
        },
        {
            "h": 80,
            "s": 96,
            "t": 368,
            "p": 2
        },
        {
            "h": 80,
            "s": 96,
            "t": 369,
            "p": 2
        },
        {
            "h": 80,
            "s": 96,
            "t": 370,
            "p": 2
        },
        {
            "h": 81,
            "s": 96,
            "t": 371,
            "p": 2
        },
        {
            "h": 80,
            "s": 96,
            "t": 372,
            "p": 2
        },
        {
            "h": 79,
            "s": 96,
            "t": 373,
            "p": 2
        },
        {
            "h": 77,
            "s": 96,
            "t": 374,
            "p": 2
        },
        {
            "h": 76,
            "s": 96,
            "t": 375,
            "p": 2
        },
        {
            "h": 75,
            "s": 96,
            "t": 376,
            "p": 2
        },
        {
            "h": 76,
            "s": 96,
            "t": 377,
            "p": 2
        },
        {
            "h": 76,
            "s": 96,
            "t": 378,
            "p": 2
        },
        {
            "h": 77,
            "s": 96,
            "t": 379,
            "p": 2
        },
        {
            "h": 78,
            "s": 96,
            "t": 380,
            "p": 2
        },
        {
            "h": 78,
            "s": 96,
            "t": 381,
            "p": 2
        },
        {
            "h": 78,
            "s": 96,
            "t": 382,
            "p": 2
        },
        {
            "h": 77,
            "s": 96,
            "t": 383,
            "p": 2
        },
        {
            "h": 76,
            "s": 96,
            "t": 384,
            "p": 2
        },
        {
            "h": 76,
            "s": 96,
            "t": 385,
            "p": 2
        },
        {
            "h": 76,
            "s": 96,
            "t": 386,
            "p": 2
        },
        {
            "h": 76,
            "s": 96,
            "t": 387,
            "p": 2
        },
        {
            "h": 77,
            "s": 96,
            "t": 388,
            "p": 2
        },
        {
            "h": 79,
            "s": 96,
            "t": 389,
            "p": 2
        },
        {
            "h": 79,
            "s": 96,
            "t": 390,
            "p": 2
        },
        {
            "h": 81,
            "s": 96,
            "t": 391,
            "p": 2
        },
        {
            "h": 82,
            "s": 96,
            "t": 392,
            "p": 2
        },
        {
            "h": 83,
            "s": 96,
            "t": 393,
            "p": 2
        },
        {
            "h": 83,
            "s": 96,
            "t": 394,
            "p": 2
        },
        {
            "h": 83,
            "s": 96,
            "t": 395,
            "p": 2
        },
        {
            "h": 83,
            "s": 96,
            "t": 396,
            "p": 2
        },
        {
            "h": 82,
            "s": 96,
            "t": 397,
            "p": 2
        },
        {
            "h": 82,
            "s": 96,
            "t": 398,
            "p": 2
        },
        {
            "h": 82,
            "s": 96,
            "t": 399,
            "p": 2
        },
        {
            "h": 82,
            "s": 96,
            "t": 400,
            "p": 2
        },
        {
            "h": 85,
            "s": 96,
            "t": 401,
            "p": 2
        },
        {
            "h": 86,
            "s": 97,
            "t": 402,
            "p": 2
        },
        {
            "h": 88,
            "s": 97,
            "t": 403,
            "p": 2
        },
        {
            "h": 88,
            "s": 96,
            "t": 404,
            "p": 2
        },
        {
            "h": 89,
            "s": 96,
            "t": 405,
            "p": 2
        },
        {
            "h": 88,
            "s": 96,
            "t": 406,
            "p": 2
        },
        {
            "h": 86,
            "s": 96,
            "t": 407,
            "p": 2
        },
        {
            "h": 83,
            "s": 96,
            "t": 408,
            "p": 2
        },
        {
            "h": 80,
            "s": 96,
            "t": 409,
            "p": 2
        },
        {
            "h": 78,
            "s": 96,
            "t": 410,
            "p": 2
        },
        {
            "h": 75,
            "s": 96,
            "t": 411,
            "p": 2
        },
        {
            "h": 75,
            "s": 96,
            "t": 412,
            "p": 2
        },
        {
            "h": 75,
            "s": 96,
            "t": 413,
            "p": 2
        },
        {
            "h": 76,
            "s": 96,
            "t": 414,
            "p": 2
        },
        {
            "h": 77,
            "s": 96,
            "t": 415,
            "p": 2
        },
        {
            "h": 80,
            "s": 97,
            "t": 416,
            "p": 2
        },
        {
            "h": 81,
            "s": 97,
            "t": 417,
            "p": 2
        },
        {
            "h": 82,
            "s": 97,
            "t": 418,
            "p": 2
        },
        {
            "h": 83,
            "s": 97,
            "t": 419,
            "p": 2
        }
    ]
}